state,beta,qss,tau,dc,residual_std
rest,0.3308441742187299,0.6868182494753172,2,0.058823529411764705,0.6366236211307365
task,0.716664791293095,0.889373432298567,1,0.029411764705882353,0.5020339475046302
fatigue,0.002399697576081411,0.0,2,0.058823529411764705,0.7458775962992074
