state,beta,qss,tau,dc,residual_std
real_rest,0.08773399166362708,0.0,1,0.16666666666666666,0.10696797473537469
real_task,0.009861266457910023,0.0,1,0.07142857142857142,0.07095748587212654
