state,beta,qss,tau,dc,residual_std
rest,0.34342772262485594,0.7289196799430081,3,0.08823529411764706,0.6388985559610663
task,0.7185616068720857,0.8763104935737313,1,0.029411764705882353,0.50244794087243
fatigue,0.01030181404966593,0.0,1,0.029411764705882353,0.7432926743230206
